{"cameraMode":{"drawMode":0,"name":"Shaded","section":"Shading Mode"},"sceneLighting":true,"audioPlay":false,"sceneViewState":{"showFog":true,"showMaterialUpdate":false,"showSkybox":true,"showFlares":true,"showImageEffects":true,"showParticleSystems":true},"in2DMode":false,"pivot":{"x":1.4171032905578614,"y":2.11135196685791,"z":-2.0523810386657717},"rotation":{"x":-0.03067668341100216,"y":0.9584075808525086,"z":-0.11294948309659958,"w":-0.26030048727989199},"size":10.0,"orthographic":false}